index,is_fraud
30000,0.4
30001,0.5
30002,0.5
30003,0.4
30004,0.5
30005,0.4
30006,0.5
30007,0.4
30008,0.5
30009,0.4
30010,0.5
30011,0.5
30012,0.4
30013,0.4
30014,0.4
30015,0.4
30016,0.5
30017,0.5
30018,0.4
30019,0.5
30020,0.5
30021,0.4
30022,0.4
30023,0.4
30024,0.4
30025,0.4
30026,0.4
30027,0.3
30028,0.5
30029,0.3
30030,0.4
30031,0.3
30032,0.4
30033,0.5
30034,0.5
30035,0.3
30036,0.3
30037,0.4
30038,0.4
30039,0.4
30040,0.4
30041,0.4
30042,0.4
30043,0.4
30044,0.4
30045,0.5
30046,0.5
30047,0.5
30048,0.5
30049,0.5
30050,0.5
30051,0.5
30052,0.3
30053,0.4
30054,0.5
30055,0.5
30056,0.4
30057,0.4
30058,0.5
30059,0.5
30060,0.4
30061,0.5
30062,0.5
30063,0.5
30064,0.4
30065,0.4
30066,0.5
30067,0.4
30068,0.5
30069,0.3
30070,0.3
30071,0.5
30072,0.5
30073,0.5
30074,0.5
30075,0.4
30076,0.4
30077,0.4
30078,0.4
30079,0.5
30080,0.5
30081,0.3
30082,0.4
30083,0.5
30084,0.5
30085,0.5
30086,0.5
30087,0.4
30088,0.3
30089,0.4
30090,0.4
30091,0.3
30092,0.4
30093,0.4
30094,0.5
30095,0.5
30096,0.5
30097,0.4
30098,0.3
30099,0.5
30100,0.4
30101,0.4
30102,0.5
30103,0.5
30104,0.5
30105,0.4
30106,0.5
30107,0.3
30108,0.5
30109,0.3
30110,0.4
30111,0.5
30112,0.5
30113,0.5
30114,0.4
30115,0.4
30116,0.3
30117,0.5
30118,0.4
30119,0.5
30120,0.5
30121,0.4
30122,0.3
30123,0.5
30124,0.5
30125,0.5
30126,0.5
30127,0.5
30128,0.5
30129,0.4
30130,0.5
30131,0.4
30132,0.4
30133,0.4
30134,0.5
30135,0.5
30136,0.4
30137,0.5
30138,0.4
30139,0.5
30140,0.5
30141,0.4
30142,0.5
30143,0.5
30144,0.4
30145,0.5
30146,0.2
30147,0.4
30148,0.5
30149,0.5
30150,0.5
30151,0.3
30152,0.3
30153,0.5
30154,0.5
30155,0.4
30156,0.4
30157,0.4
30158,0.5
30159,0.4
30160,0.5
30161,0.4
30162,0.5
30163,0.3
30164,0.5
30165,0.4
30166,0.5
30167,0.4
30168,0.4
30169,0.4
30170,0.5
30171,0.4
30172,0.5
30173,0.4
30174,0.3
30175,0.5
30176,0.3
30177,0.5
30178,0.5
30179,0.5
30180,0.4
30181,0.5
30182,0.5
30183,0.5
30184,0.4
30185,0.4
30186,0.4
30187,0.4
30188,0.3
30189,0.4
30190,0.4
30191,0.4
30192,0.5
30193,0.4
30194,0.4
30195,0.4
30196,0.4
30197,0.5
30198,0.5
30199,0.5
30200,0.4
30201,0.4
30202,0.4
30203,0.4
30204,0.5
30205,0.4
30206,0.5
30207,0.4
30208,0.4
30209,0.5
30210,0.4
30211,0.4
30212,0.5
30213,0.4
30214,0.3
30215,0.5
30216,0.4
30217,0.4
30218,0.5
30219,0.3
30220,0.5
30221,0.4
30222,0.4
30223,0.5
30224,0.5
30225,0.5
30226,0.4
30227,0.4
30228,0.5
30229,0.3
30230,0.5
30231,0.4
30232,0.4
30233,0.4
30234,0.4
30235,0.3
30236,0.4
30237,0.4
30238,0.5
30239,0.5
30240,0.4
30241,0.3
30242,0.4
30243,0.5
30244,0.4
30245,0.4
30246,0.4
30247,0.4
30248,0.4
30249,0.5
30250,0.4
30251,0.5
30252,0.5
30253,0.5
30254,0.3
30255,0.4
30256,0.4
30257,0.4
30258,0.3
30259,0.5
30260,0.5
30261,0.5
30262,0.5
30263,0.5
30264,0.5
30265,0.5
30266,0.4
30267,0.5
30268,0.4
30269,0.5
30270,0.5
30271,0.5
30272,0.4
30273,0.5
30274,0.4
30275,0.4
30276,0.5
30277,0.4
30278,0.5
30279,0.4
30280,0.4
30281,0.3
30282,0.5
30283,0.4
30284,0.4
30285,0.4
30286,0.5
30287,0.3
30288,0.3
30289,0.5
30290,0.4
30291,0.5
30292,0.3
30293,0.5
30294,0.4
30295,0.4
30296,0.4
30297,0.5
30298,0.3
30299,0.5
30300,0.5
30301,0.4
30302,0.5
30303,0.5
30304,0.4
30305,0.5
30306,0.3
30307,0.3
30308,0.5
30309,0.4
30310,0.4
30311,0.4
30312,0.4
30313,0.3
30314,0.4
30315,0.4
30316,0.5
30317,0.4
30318,0.4
30319,0.3
30320,0.3
30321,0.5
30322,0.5
30323,0.5
30324,0.4
30325,0.4
30326,0.5
30327,0.4
30328,0.5
30329,0.3
30330,0.4
30331,0.5
30332,0.4
30333,0.3
30334,0.4
30335,0.5
30336,0.3
30337,0.4
30338,0.4
30339,0.4
30340,0.4
30341,0.5
30342,0.4
30343,0.4
30344,0.5
30345,0.4
30346,0.4
30347,0.5
30348,0.4
30349,0.4
30350,0.4
30351,0.3
30352,0.3
30353,0.4
30354,0.3
30355,0.4
30356,0.4
30357,0.2
30358,0.5
30359,0.4
30360,0.5
30361,0.3
30362,0.4
30363,0.4
30364,0.4
30365,0.3
30366,0.5
30367,0.5
30368,0.4
30369,0.4
30370,0.4
30371,0.4
30372,0.4
30373,0.4
30374,0.4
30375,0.3
30376,0.4
30377,0.5
30378,0.5
30379,0.4
30380,0.4
30381,0.4
30382,0.5
30383,0.4
30384,0.4
30385,0.4
30386,0.5
30387,0.3
30388,0.4
30389,0.4
30390,0.4
30391,0.5
30392,0.3
30393,0.4
30394,0.4
30395,0.5
30396,0.3
30397,0.4
30398,0.5
30399,0.3
30400,0.4
30401,0.3
30402,0.4
30403,0.4
30404,0.4
30405,0.4
30406,0.5
30407,0.4
30408,0.3
30409,0.4
30410,0.4
30411,0.5
30412,0.4
30413,0.4
30414,0.3
30415,0.4
30416,0.4
30417,0.5
30418,0.4
30419,0.3
30420,0.5
30421,0.3
30422,0.4
30423,0.4
30424,0.5
30425,0.3
30426,0.4
30427,0.3
30428,0.4
30429,0.4
30430,0.4
30431,0.5
30432,0.2
30433,0.4
30434,0.4
30435,0.4
30436,0.4
30437,0.5
30438,0.4
30439,0.3
30440,0.4
30441,0.4
30442,0.5
30443,0.4
30444,0.5
30445,0.5
30446,0.4
30447,0.4
30448,0.3
30449,0.5
30450,0.3
30451,0.3
30452,0.4
30453,0.3
30454,0.4
30455,0.5
30456,0.4
30457,0.4
30458,0.3
30459,0.5
30460,0.5
30461,0.4
30462,0.5
30463,0.4
30464,0.5
30465,0.4
30466,0.4
30467,0.5
30468,0.3
30469,0.4
30470,0.5
30471,0.4
30472,0.4
30473,0.4
30474,0.5
30475,0.5
30476,0.4
30477,0.4
30478,0.5
30479,0.4
30480,0.3
30481,0.5
30482,0.4
30483,0.3
30484,0.4
30485,0.4
30486,0.4
30487,0.4
30488,0.5
30489,0.3
30490,0.5
30491,0.4
30492,0.4
30493,0.5
30494,0.4
30495,0.4
30496,0.3
30497,0.5
30498,0.4
30499,0.4
30500,0.4
30501,0.4
30502,0.5
30503,0.4
30504,0.5
30505,0.4
30506,0.3
30507,0.5
30508,0.4
30509,0.4
30510,0.5
30511,0.5
30512,0.4
30513,0.4
30514,0.5
30515,0.5
30516,0.4
30517,0.4
30518,0.5
30519,0.5
30520,0.3
30521,0.4
30522,0.4
30523,0.4
30524,0.4
30525,0.5
30526,0.5
30527,0.4
30528,0.4
30529,0.4
30530,0.5
30531,0.4
30532,0.4
30533,0.5
30534,0.4
30535,0.5
30536,0.5
30537,0.5
30538,0.4
30539,0.3
30540,0.5
30541,0.3
30542,0.4
30543,0.3
30544,0.5
30545,0.3
30546,0.4
30547,0.4
30548,0.5
30549,0.4
30550,0.4
30551,0.4
30552,0.5
30553,0.3
30554,0.4
30555,0.4
30556,0.4
30557,0.5
30558,0.5
30559,0.4
30560,0.4
30561,0.4
30562,0.5
30563,0.5
30564,0.4
30565,0.4
30566,0.4
30567,0.3
30568,0.4
30569,0.5
30570,0.3
30571,0.4
30572,0.4
30573,0.5
30574,0.5
30575,0.4
30576,0.3
30577,0.4
30578,0.3
30579,0.4
30580,0.3
30581,0.5
30582,0.5
30583,0.5
30584,0.4
30585,0.5
30586,0.4
30587,0.5
30588,0.4
30589,0.5
30590,0.4
30591,0.4
30592,0.5
30593,0.3
30594,0.4
30595,0.4
30596,0.4
30597,0.4
30598,0.4
30599,0.3
30600,0.5
30601,0.5
30602,0.4
30603,0.4
30604,0.3
30605,0.4
30606,0.4
30607,0.4
30608,0.3
30609,0.5
30610,0.5
30611,0.5
30612,0.4
30613,0.4
30614,0.4
30615,0.4
30616,0.4
30617,0.3
30618,0.4
30619,0.5
30620,0.3
30621,0.5
30622,0.5
30623,0.4
30624,0.4
30625,0.4
30626,0.4
30627,0.3
30628,0.4
30629,0.3
30630,0.5
30631,0.5
30632,0.5
30633,0.4
30634,0.5
30635,0.4
30636,0.4
30637,0.2
30638,0.4
30639,0.4
30640,0.3
30641,0.5
30642,0.5
30643,0.4
30644,0.4
30645,0.4
30646,0.4
30647,0.4
30648,0.5
30649,0.4
30650,0.4
30651,0.5
30652,0.4
30653,0.4
30654,0.3
30655,0.5
30656,0.5
30657,0.4
30658,0.4
30659,0.4
30660,0.4
30661,0.4
30662,0.4
30663,0.5
30664,0.4
30665,0.4
30666,0.3
30667,0.4
30668,0.4
30669,0.5
30670,0.4
30671,0.4
30672,0.5
30673,0.5
30674,0.5
30675,0.4
30676,0.5
30677,0.4
30678,0.3
30679,0.4
30680,0.5
30681,0.5
30682,0.5
30683,0.5
30684,0.5
30685,0.4
30686,0.4
30687,0.4
30688,0.5
30689,0.4
30690,0.5
30691,0.4
30692,0.3
30693,0.4
30694,0.4
30695,0.4
30696,0.5
30697,0.4
30698,0.3
30699,0.4
30700,0.4
30701,0.3
30702,0.5
30703,0.5
30704,0.5
30705,0.3
30706,0.4
30707,0.5
30708,0.5
30709,0.3
30710,0.3
30711,0.5
30712,0.5
30713,0.4
30714,0.5
30715,0.4
30716,0.4
30717,0.5
30718,0.5
30719,0.5
30720,0.5
30721,0.5
30722,0.4
30723,0.3
30724,0.4
30725,0.5
30726,0.4
30727,0.4
30728,0.3
30729,0.4
30730,0.4
30731,0.4
30732,0.4
30733,0.4
30734,0.4
30735,0.3
30736,0.4
30737,0.5
30738,0.5
30739,0.4
30740,0.4
30741,0.4
30742,0.4
30743,0.4
30744,0.4
30745,0.4
30746,0.4
30747,0.4
30748,0.4
30749,0.4
30750,0.4
30751,0.4
30752,0.5
30753,0.5
30754,0.3
30755,0.4
30756,0.5
30757,0.5
30758,0.4
30759,0.4
30760,0.5
30761,0.4
30762,0.3
30763,0.5
30764,0.3
30765,0.5
30766,0.3
30767,0.3
30768,0.4
30769,0.3
30770,0.5
30771,0.4
30772,0.4
30773,0.4
30774,0.4
30775,0.3
30776,0.3
30777,0.5
30778,0.4
30779,0.4
30780,0.5
30781,0.5
30782,0.4
30783,0.4
30784,0.4
30785,0.4
30786,0.4
30787,0.4
30788,0.4
30789,0.5
30790,0.5
30791,0.4
30792,0.4
30793,0.4
30794,0.4
30795,0.4
30796,0.5
30797,0.4
30798,0.4
30799,0.4
30800,0.5
30801,0.4
30802,0.3
30803,0.5
30804,0.4
30805,0.5
30806,0.4
30807,0.4
30808,0.4
30809,0.3
30810,0.4
30811,0.4
30812,0.4
30813,0.4
30814,0.4
30815,0.3
30816,0.5
30817,0.4
30818,0.4
30819,0.5
30820,0.5
30821,0.4
30822,0.4
30823,0.4
30824,0.3
30825,0.4
30826,0.5
30827,0.5
30828,0.3
30829,0.5
30830,0.5
30831,0.5
30832,0.4
30833,0.5
30834,0.5
30835,0.3
30836,0.3
30837,0.5
30838,0.4
30839,0.5
30840,0.4
30841,0.4
30842,0.4
30843,0.4
30844,0.4
30845,0.5
30846,0.4
30847,0.4
30848,0.5
30849,0.4
30850,0.4
30851,0.4
30852,0.3
30853,0.5
30854,0.4
30855,0.4
30856,0.4
30857,0.4
30858,0.4
30859,0.5
30860,0.4
30861,0.4
30862,0.3
30863,0.4
30864,0.5
30865,0.4
30866,0.4
30867,0.4
30868,0.5
30869,0.4
30870,0.4
30871,0.5
30872,0.4
30873,0.5
30874,0.4
30875,0.3
30876,0.5
30877,0.4
30878,0.4
30879,0.4
30880,0.4
30881,0.5
30882,0.4
30883,0.5
30884,0.5
30885,0.4
30886,0.5
30887,0.3
30888,0.4
30889,0.5
30890,0.4
30891,0.5
30892,0.5
30893,0.5
30894,0.4
30895,0.5
30896,0.4
30897,0.3
30898,0.4
30899,0.4
30900,0.4
30901,0.4
30902,0.5
30903,0.4
30904,0.4
30905,0.5
30906,0.4
30907,0.4
30908,0.3
30909,0.4
30910,0.4
30911,0.5
30912,0.4
30913,0.4
30914,0.5
30915,0.5
30916,0.5
30917,0.4
30918,0.3
30919,0.4
30920,0.5
30921,0.3
30922,0.5
30923,0.5
30924,0.3
30925,0.3
30926,0.4
30927,0.5
30928,0.4
30929,0.5
30930,0.4
30931,0.4
30932,0.3
30933,0.5
30934,0.5
30935,0.4
30936,0.4
30937,0.4
30938,0.3
30939,0.5
30940,0.5
30941,0.4
30942,0.5
30943,0.3
30944,0.4
30945,0.5
30946,0.4
30947,0.5
30948,0.5
30949,0.4
30950,0.4
30951,0.5
30952,0.4
30953,0.4
30954,0.5
30955,0.5
30956,0.5
30957,0.4
30958,0.5
30959,0.5
30960,0.4
30961,0.5
30962,0.4
30963,0.4
30964,0.5
30965,0.4
30966,0.4
30967,0.4
30968,0.4
30969,0.3
30970,0.5
30971,0.4
30972,0.4
30973,0.4
30974,0.5
30975,0.4
30976,0.4
30977,0.4
30978,0.4
30979,0.4
30980,0.4
30981,0.5
30982,0.4
30983,0.4
30984,0.4
30985,0.5
30986,0.3
30987,0.5
30988,0.5
30989,0.5
30990,0.4
30991,0.4
30992,0.3
30993,0.3
30994,0.4
30995,0.4
30996,0.4
30997,0.4
30998,0.5
30999,0.4
31000,0.5
31001,0.5
31002,0.3
31003,0.4
31004,0.5
31005,0.4
31006,0.3
31007,0.3
31008,0.3
31009,0.4
31010,0.5
31011,0.4
31012,0.4
31013,0.4
31014,0.5
31015,0.5
31016,0.5
31017,0.5
31018,0.3
31019,0.4
31020,0.3
31021,0.4
31022,0.4
31023,0.5
31024,0.4
31025,0.5
31026,0.4
31027,0.4
31028,0.4
31029,0.3
31030,0.4
31031,0.4
31032,0.4
31033,0.5
31034,0.5
31035,0.5
31036,0.4
31037,0.5
31038,0.4
31039,0.4
31040,0.5
31041,0.4
31042,0.5
31043,0.4
31044,0.4
31045,0.5
31046,0.5
31047,0.4
31048,0.3
31049,0.4
31050,0.4
31051,0.4
31052,0.4
31053,0.3
31054,0.4
31055,0.5
31056,0.3
31057,0.4
31058,0.5
31059,0.4
31060,0.3
31061,0.3
31062,0.3
31063,0.4
31064,0.3
31065,0.4
31066,0.4
31067,0.3
31068,0.4
31069,0.4
31070,0.4
31071,0.4
31072,0.5
31073,0.5
31074,0.4
31075,0.4
31076,0.4
31077,0.4
31078,0.5
31079,0.4
31080,0.5
31081,0.4
31082,0.5
31083,0.5
31084,0.4
31085,0.5
31086,0.5
31087,0.4
31088,0.4
31089,0.5
31090,0.5
31091,0.5
31092,0.4
31093,0.4
31094,0.4
31095,0.4
31096,0.5
31097,0.4
31098,0.5
31099,0.4
31100,0.4
31101,0.5
31102,0.5
31103,0.3
31104,0.3
31105,0.4
31106,0.4
31107,0.5
31108,0.5
31109,0.5
31110,0.3
31111,0.4
31112,0.4
31113,0.4
31114,0.5
31115,0.4
31116,0.5
31117,0.5
31118,0.3
31119,0.4
31120,0.4
31121,0.5
31122,0.4
31123,0.4
31124,0.2
31125,0.5
31126,0.4
31127,0.3
31128,0.5
31129,0.5
31130,0.4
31131,0.5
31132,0.4
31133,0.5
31134,0.5
31135,0.4
31136,0.4
31137,0.4
31138,0.4
31139,0.5
31140,0.4
31141,0.4
31142,0.5
31143,0.4
31144,0.3
31145,0.3
31146,0.4
31147,0.4
31148,0.4
31149,0.5
31150,0.4
31151,0.5
31152,0.4
31153,0.5
31154,0.4
31155,0.4
31156,0.4
31157,0.4
31158,0.5
31159,0.5
31160,0.3
31161,0.4
31162,0.4
31163,0.5
31164,0.5
31165,0.5
31166,0.5
31167,0.4
31168,0.5
31169,0.5
31170,0.4
31171,0.4
31172,0.4
31173,0.5
31174,0.4
31175,0.3
31176,0.5
31177,0.5
31178,0.4
31179,0.5
31180,0.4
31181,0.4
31182,0.4
31183,0.4
31184,0.5
31185,0.5
31186,0.5
31187,0.5
31188,0.5
31189,0.5
31190,0.4
31191,0.5
31192,0.5
31193,0.3
31194,0.4
31195,0.4
31196,0.3
31197,0.4
31198,0.5
31199,0.3
31200,0.5
31201,0.5
31202,0.4
31203,0.4
31204,0.5
31205,0.4
31206,0.5
31207,0.5
31208,0.5
31209,0.5
31210,0.5
31211,0.4
31212,0.3
31213,0.4
31214,0.3
31215,0.3
31216,0.4
31217,0.3
31218,0.5
31219,0.4
31220,0.3
31221,0.4
31222,0.4
31223,0.5
31224,0.4
31225,0.5
31226,0.5
31227,0.5
31228,0.4
31229,0.5
31230,0.3
31231,0.5
31232,0.4
31233,0.5
31234,0.4
31235,0.5
31236,0.2
31237,0.4
31238,0.4
31239,0.4
31240,0.3
31241,0.4
31242,0.4
31243,0.4
31244,0.3
31245,0.5
31246,0.4
31247,0.4
31248,0.5
31249,0.4
31250,0.5
31251,0.4
31252,0.4
31253,0.4
31254,0.3
31255,0.5
31256,0.5
31257,0.4
31258,0.4
31259,0.4
31260,0.4
31261,0.5
31262,0.4
31263,0.5
31264,0.4
31265,0.5
31266,0.5
31267,0.4
31268,0.5
31269,0.4
31270,0.5
31271,0.4
31272,0.4
31273,0.4
31274,0.5
31275,0.5
31276,0.4
31277,0.5
31278,0.4
31279,0.4
31280,0.4
31281,0.4
31282,0.2
31283,0.4
31284,0.5
31285,0.4
31286,0.4
31287,0.4
31288,0.5
31289,0.4
31290,0.3
31291,0.4
31292,0.5
31293,0.5
31294,0.3
31295,0.5
31296,0.5
31297,0.3
31298,0.4
31299,0.5
31300,0.3
31301,0.3
31302,0.5
31303,0.4
31304,0.3
31305,0.4
31306,0.5
31307,0.5
31308,0.5
31309,0.3
31310,0.3
31311,0.5
31312,0.5
31313,0.4
31314,0.5
31315,0.4
31316,0.5
31317,0.5
31318,0.4
31319,0.4
31320,0.4
31321,0.5
31322,0.4
31323,0.5
31324,0.4
31325,0.5
31326,0.5
31327,0.3
31328,0.4
31329,0.5
31330,0.3
31331,0.5
31332,0.4
31333,0.4
31334,0.5
31335,0.5
31336,0.4
31337,0.4
31338,0.3
31339,0.4
31340,0.5
31341,0.4
31342,0.4
31343,0.3
31344,0.5
31345,0.4
31346,0.4
31347,0.3
31348,0.4
31349,0.4
31350,0.4
31351,0.4
31352,0.4
31353,0.4
31354,0.5
31355,0.5
31356,0.4
31357,0.5
31358,0.3
31359,0.4
31360,0.5
31361,0.4
31362,0.3
31363,0.4
31364,0.5
31365,0.5
31366,0.4
31367,0.4
31368,0.5
31369,0.5
31370,0.5
31371,0.3
31372,0.3
31373,0.3
31374,0.4
31375,0.4
31376,0.4
31377,0.5
31378,0.4
31379,0.5
31380,0.5
31381,0.4
31382,0.3
31383,0.5
31384,0.4
31385,0.3
31386,0.4
31387,0.5
31388,0.4
31389,0.4
31390,0.3
31391,0.4
31392,0.4
31393,0.4
31394,0.5
31395,0.4
31396,0.3
31397,0.5
31398,0.3
31399,0.5
31400,0.4
31401,0.4
31402,0.4
31403,0.5
31404,0.5
31405,0.5
31406,0.5
31407,0.3
31408,0.4
31409,0.4
31410,0.4
31411,0.4
31412,0.5
31413,0.5
31414,0.4
31415,0.4
31416,0.4
31417,0.3
31418,0.4
31419,0.3
31420,0.4
31421,0.5
31422,0.4
31423,0.4
31424,0.5
31425,0.4
31426,0.4
31427,0.5
31428,0.4
31429,0.4
31430,0.4
31431,0.3
31432,0.4
31433,0.5
31434,0.4
31435,0.3
31436,0.5
31437,0.5
31438,0.4
31439,0.4
31440,0.5
31441,0.5
31442,0.4
31443,0.5
31444,0.4
31445,0.4
31446,0.4
31447,0.4
31448,0.5
31449,0.5
31450,0.4
31451,0.5
31452,0.5
31453,0.3
31454,0.4
31455,0.5
31456,0.3
31457,0.4
31458,0.5
31459,0.5
31460,0.4
31461,0.4
31462,0.4
31463,0.4
31464,0.4
31465,0.3
31466,0.5
31467,0.5
31468,0.5
31469,0.4
31470,0.3
31471,0.4
31472,0.4
31473,0.5
31474,0.5
31475,0.4
31476,0.4
31477,0.4
31478,0.3
31479,0.5
31480,0.5
31481,0.3
31482,0.5
31483,0.4
31484,0.5
31485,0.3
31486,0.5
31487,0.5
31488,0.4
31489,0.4
31490,0.4
31491,0.4
31492,0.4
31493,0.3
31494,0.5
31495,0.4
31496,0.3
31497,0.5
31498,0.4
31499,0.3
31500,0.5
31501,0.4
31502,0.5
31503,0.4
31504,0.4
31505,0.4
31506,0.4
31507,0.5
31508,0.4
31509,0.4
31510,0.5
31511,0.4
31512,0.4
31513,0.4
31514,0.5
31515,0.5
31516,0.5
31517,0.5
31518,0.4
31519,0.4
31520,0.4
31521,0.4
31522,0.4
31523,0.3
31524,0.4
31525,0.5
31526,0.4
31527,0.4
31528,0.5
31529,0.5
31530,0.4
31531,0.4
31532,0.4
31533,0.4
31534,0.4
31535,0.5
31536,0.5
31537,0.4
31538,0.5
31539,0.5
31540,0.4
31541,0.5
31542,0.5
31543,0.4
31544,0.5
31545,0.4
31546,0.4
31547,0.4
31548,0.5
31549,0.4
31550,0.5
31551,0.5
31552,0.4
31553,0.3
31554,0.5
31555,0.4
31556,0.5
31557,0.4
31558,0.5
31559,0.3
31560,0.4
31561,0.4
31562,0.5
31563,0.4
31564,0.5
31565,0.5
31566,0.5
31567,0.5
31568,0.4
31569,0.5
31570,0.4
31571,0.5
31572,0.4
31573,0.3
31574,0.4
31575,0.5
31576,0.3
31577,0.3
31578,0.5
31579,0.4
31580,0.4
31581,0.5
31582,0.4
31583,0.4
31584,0.4
31585,0.3
31586,0.4
31587,0.3
31588,0.3
31589,0.4
31590,0.3
31591,0.4
31592,0.5
31593,0.4
31594,0.5
31595,0.4
31596,0.5
31597,0.3
31598,0.5
31599,0.4
31600,0.5
31601,0.5
31602,0.4
31603,0.5
31604,0.4
31605,0.5
31606,0.4
31607,0.5
31608,0.3
31609,0.3
31610,0.3
31611,0.4
31612,0.4
31613,0.5
31614,0.5
31615,0.3
31616,0.4
31617,0.4
31618,0.3
31619,0.5
31620,0.5
31621,0.3
31622,0.5
31623,0.4
31624,0.4
31625,0.4
31626,0.5
31627,0.4
31628,0.5
31629,0.4
31630,0.3
31631,0.4
31632,0.4
31633,0.4
31634,0.4
31635,0.3
31636,0.4
31637,0.4
31638,0.5
31639,0.3
31640,0.4
31641,0.5
31642,0.4
31643,0.4
31644,0.5
31645,0.4
31646,0.3
31647,0.5
31648,0.4
31649,0.3
31650,0.5
31651,0.5
31652,0.4
31653,0.4
31654,0.5
31655,0.5
31656,0.4
31657,0.5
31658,0.3
31659,0.4
31660,0.3
31661,0.4
31662,0.3
31663,0.4
31664,0.5
31665,0.5
31666,0.5
31667,0.4
31668,0.5
31669,0.4
31670,0.4
31671,0.5
31672,0.4
31673,0.5
31674,0.5
31675,0.4
31676,0.5
31677,0.5
31678,0.3
31679,0.5
31680,0.4
31681,0.5
31682,0.5
31683,0.3
31684,0.4
31685,0.5
31686,0.5
31687,0.3
31688,0.3
31689,0.5
31690,0.5
31691,0.4
31692,0.5
31693,0.3
31694,0.5
31695,0.4
31696,0.4
31697,0.4
31698,0.5
31699,0.4
31700,0.4
31701,0.4
31702,0.4
31703,0.5
31704,0.4
31705,0.4
31706,0.3
31707,0.4
31708,0.4
31709,0.4
31710,0.3
31711,0.5
31712,0.4
31713,0.5
31714,0.4
31715,0.4
31716,0.4
31717,0.5
31718,0.5
31719,0.4
31720,0.5
31721,0.4
31722,0.4
31723,0.4
31724,0.3
31725,0.5
31726,0.5
31727,0.2
31728,0.4
31729,0.4
31730,0.4
31731,0.5
31732,0.3
31733,0.3
31734,0.4
31735,0.3
31736,0.4
31737,0.3
31738,0.4
31739,0.4
31740,0.4
31741,0.4
31742,0.3
31743,0.5
31744,0.4
31745,0.4
31746,0.3
31747,0.5
31748,0.5
31749,0.4
31750,0.4
31751,0.5
31752,0.5
31753,0.4
31754,0.4
31755,0.5
31756,0.3
31757,0.3
31758,0.4
31759,0.5
31760,0.5
31761,0.5
31762,0.5
31763,0.5
31764,0.4
31765,0.4
31766,0.5
31767,0.4
31768,0.5
31769,0.5
31770,0.4
31771,0.3
31772,0.4
31773,0.4
31774,0.3
31775,0.4
31776,0.4
31777,0.4
31778,0.4
31779,0.4
31780,0.3
31781,0.5
31782,0.3
31783,0.4
31784,0.4
31785,0.5
31786,0.3
31787,0.4
31788,0.5
31789,0.4
31790,0.4
31791,0.5
31792,0.4
31793,0.5
31794,0.3
31795,0.4
31796,0.5
31797,0.3
31798,0.5
31799,0.5
31800,0.5
31801,0.4
31802,0.5
31803,0.3
31804,0.2
31805,0.5
31806,0.5
31807,0.5
31808,0.4
31809,0.4
31810,0.4
31811,0.5
31812,0.4
31813,0.4
31814,0.5
31815,0.4
31816,0.4
31817,0.5
31818,0.3
31819,0.5
31820,0.4
31821,0.4
31822,0.3
31823,0.4
31824,0.5
31825,0.4
31826,0.5
31827,0.4
31828,0.4
31829,0.5
31830,0.3
31831,0.3
31832,0.4
31833,0.4
31834,0.3
31835,0.4
31836,0.5
31837,0.4
31838,0.5
31839,0.4
31840,0.5
31841,0.4
31842,0.3
31843,0.5
31844,0.3
31845,0.4
31846,0.5
31847,0.4
31848,0.4
31849,0.4
31850,0.4
31851,0.4
31852,0.5
31853,0.5
31854,0.4
31855,0.3
31856,0.5
31857,0.3
31858,0.4
31859,0.4
31860,0.5
31861,0.5
31862,0.4
31863,0.4
31864,0.5
31865,0.5
31866,0.5
31867,0.5
31868,0.4
31869,0.4
31870,0.3
31871,0.4
31872,0.5
31873,0.4
31874,0.4
31875,0.5
31876,0.4
31877,0.5
31878,0.4
31879,0.5
31880,0.5
31881,0.4
31882,0.4
31883,0.4
31884,0.5
31885,0.5
31886,0.4
31887,0.4
31888,0.5
31889,0.5
31890,0.5
31891,0.3
31892,0.4
31893,0.5
31894,0.4
31895,0.3
31896,0.5
31897,0.4
31898,0.5
31899,0.5
31900,0.3
31901,0.4
31902,0.4
31903,0.5
31904,0.4
31905,0.4
31906,0.4
31907,0.5
31908,0.4
31909,0.4
31910,0.5
31911,0.3
31912,0.3
31913,0.5
31914,0.4
31915,0.5
31916,0.5
31917,0.3
31918,0.5
31919,0.4
31920,0.4
31921,0.4
31922,0.5
31923,0.4
31924,0.4
31925,0.4
31926,0.4
31927,0.4
31928,0.4
31929,0.4
31930,0.5
31931,0.4
31932,0.4
31933,0.4
31934,0.4
31935,0.4
31936,0.4
31937,0.5
31938,0.5
31939,0.4
31940,0.5
31941,0.4
31942,0.4
31943,0.5
31944,0.4
31945,0.5
31946,0.4
31947,0.5
31948,0.4
31949,0.3
31950,0.5
31951,0.5
31952,0.4
31953,0.4
31954,0.4
31955,0.4
31956,0.4
31957,0.3
31958,0.4
31959,0.5
31960,0.4
31961,0.3
31962,0.4
31963,0.5
31964,0.4
31965,0.4
31966,0.4
31967,0.4
31968,0.4
31969,0.4
31970,0.3
31971,0.5
31972,0.5
31973,0.5
31974,0.5
31975,0.4
31976,0.4
31977,0.4
31978,0.5
31979,0.3
31980,0.3
31981,0.4
31982,0.5
31983,0.4
31984,0.5
31985,0.4
31986,0.5
31987,0.4
31988,0.5
31989,0.5
31990,0.3
31991,0.5
31992,0.4
31993,0.5
31994,0.4
31995,0.4
31996,0.4
31997,0.5
31998,0.5
31999,0.4
